{"meta": {"version": "7.2.7", "timestamp": "2025-10-13T01:20:37.853288", "branch_coverage": false, "show_contexts": false}, "files": {"audio_manager.py": {"executed_lines": [], "summary": {"covered_lines": 0, "num_statements": 88, "percent_covered": 0.0, "percent_covered_display": "0", "missing_lines": 88, "excluded_lines": 0}, "missing_lines": [2, 4, 6, 7, 8, 9, 10, 13, 16, 17, 18, 20, 22, 23, 24, 29, 30, 31, 33, 39, 40, 42, 43, 44, 45, 46, 49, 51, 53, 55, 56, 60, 62, 64, 65, 66, 68, 70, 76, 78, 79, 80, 81, 82, 84, 85, 87, 88, 91, 92, 93, 94, 95, 96, 98, 102, 103, 104, 105, 107, 116, 118, 119, 120, 121, 122, 125, 126, 129, 132, 133, 134, 150, 151, 154, 155, 156, 157, 159, 160, 161, 162, 163, 164, 165, 166, 168, 169], "excluded_lines": []}, "clipboard_monitor.py": {"executed_lines": [], "summary": {"covered_lines": 0, "num_statements": 52, "percent_covered": 0.0, "percent_covered_display": "0", "missing_lines": 52, "excluded_lines": 0}, "missing_lines": [2, 3, 4, 7, 10, 17, 18, 19, 20, 21, 23, 32, 33, 35, 38, 40, 41, 43, 44, 45, 47, 49, 51, 53, 56, 57, 59, 61, 62, 64, 66, 68, 70, 71, 72, 74, 76, 77, 79, 82, 83, 84, 85, 88, 89, 91, 93, 94, 95, 96, 98, 104], "excluded_lines": []}, "config_manager.py": {"executed_lines": [1, 2, 3, 4, 7, 8, 10, 11, 12, 14, 20, 21, 22, 23, 28, 30, 36, 48, 54, 55, 56, 57, 62, 64, 66, 68, 70, 76, 77, 79, 85, 86, 88, 92, 101, 103, 105, 117, 153, 159, 161, 164, 167, 170, 173, 174, 181, 184, 191, 193, 195, 201, 203, 205, 226, 232, 234, 236, 242, 243, 247, 253, 254, 255, 257, 263, 264, 266, 272, 273, 274, 276, 282, 283, 285, 295, 304, 326, 343, 349, 351, 353, 359, 360], "summary": {"covered_lines": 82, "num_statements": 153, "percent_covered": 53.59477124183007, "percent_covered_display": "54", "missing_lines": 71, "excluded_lines": 0}, "missing_lines": [24, 25, 26, 58, 59, 60, 90, 98, 99, 111, 112, 115, 123, 124, 126, 127, 129, 130, 132, 134, 136, 139, 141, 144, 145, 146, 147, 149, 150, 151, 162, 168, 185, 186, 187, 188, 202, 207, 209, 210, 212, 213, 214, 216, 217, 218, 220, 221, 222, 224, 233, 291, 292, 293, 301, 302, 311, 314, 315, 316, 319, 320, 321, 322, 324, 335, 336, 337, 338, 339, 350], "excluded_lines": []}, "constants.py": {"executed_lines": [1, 2, 3, 8, 11, 14, 15, 18, 23, 26, 31, 34, 39, 42, 45, 50, 62, 66, 67, 68, 73, 76, 83], "summary": {"covered_lines": 22, "num_statements": 22, "percent_covered": 100.0, "percent_covered_display": "100", "missing_lines": 0, "excluded_lines": 0}, "missing_lines": [], "excluded_lines": []}, "logger.py": {"executed_lines": [1, 2, 3, 4, 5, 8, 9, 11, 20, 21, 24, 28, 31, 32, 33, 34, 39, 40, 43, 46, 52, 55, 56, 59, 63, 67, 68, 71, 72, 75, 76, 77, 79, 83, 85, 87, 91, 100, 104, 108, 115, 119, 126, 135], "summary": {"covered_lines": 42, "num_statements": 61, "percent_covered": 68.85245901639344, "percent_covered_display": "69", "missing_lines": 19, "excluded_lines": 0}, "missing_lines": [25, 35, 36, 81, 89, 98, 102, 106, 110, 111, 112, 113, 117, 121, 122, 124, 128, 129, 131], "excluded_lines": []}, "main.py": {"executed_lines": [], "summary": {"covered_lines": 0, "num_statements": 258, "percent_covered": 0.0, "percent_covered_display": "0", "missing_lines": 258, "excluded_lines": 0}, "missing_lines": [3, 6, 7, 8, 9, 10, 11, 12, 13, 14, 15, 16, 17, 18, 19, 20, 21, 22, 23, 26, 29, 30, 31, 33, 34, 36, 37, 38, 39, 40, 41, 42, 43, 46, 47, 48, 49, 50, 52, 62, 63, 64, 65, 68, 69, 72, 76, 77, 79, 81, 87, 88, 89, 91, 92, 94, 95, 96, 97, 99, 101, 103, 104, 106, 107, 108, 110, 111, 112, 113, 116, 117, 118, 120, 123, 125, 126, 128, 129, 131, 133, 135, 142, 143, 145, 147, 148, 149, 151, 152, 153, 155, 157, 159, 160, 161, 162, 169, 170, 173, 174, 175, 176, 177, 179, 182, 184, 185, 187, 190, 191, 193, 195, 196, 199, 200, 202, 203, 204, 206, 207, 210, 211, 212, 213, 214, 215, 216, 218, 219, 220, 221, 222, 224, 231, 233, 235, 242, 244, 245, 246, 248, 254, 255, 256, 257, 259, 261, 264, 265, 267, 269, 270, 271, 275, 278, 280, 282, 283, 285, 286, 288, 289, 291, 293, 294, 296, 298, 299, 300, 302, 304, 305, 306, 307, 309, 311, 312, 314, 316, 317, 320, 321, 322, 324, 325, 326, 329, 330, 331, 332, 333, 334, 335, 337, 338, 339, 340, 342, 344, 345, 346, 348, 349, 350, 355, 356, 357, 359, 361, 363, 364, 365, 366, 367, 370, 371, 373, 375, 377, 378, 379, 380, 381, 384, 385, 387, 389, 391, 392, 393, 394, 395, 396, 397, 398, 399, 401, 403, 409, 437, 440, 443, 444, 447, 448, 449, 451, 453, 456, 457, 459, 462, 465, 467, 468, 471, 472], "excluded_lines": []}, "music_manager.py": {"executed_lines": [1, 2, 3, 4, 5, 6, 7, 10, 11, 13, 20, 21, 22, 23, 25, 31, 32, 33, 35, 41, 43, 49, 50, 57, 58, 61, 62, 65, 69, 71, 72, 73, 75, 88, 98, 100, 102, 104, 105, 106, 107, 110, 111, 114, 115, 119, 131, 143, 145, 151, 153, 162, 164, 170, 172, 181, 182, 184, 186, 189, 191, 193, 202, 203, 204, 205, 207, 216, 217, 219, 220, 221], "summary": {"covered_lines": 70, "num_statements": 84, "percent_covered": 83.33333333333333, "percent_covered_display": "83", "missing_lines": 14, "excluded_lines": 0}, "missing_lines": [51, 66, 81, 82, 112, 116, 133, 134, 135, 136, 137, 138, 140, 141], "excluded_lines": []}, "music_window.py": {"executed_lines": [], "summary": {"covered_lines": 0, "num_statements": 851, "percent_covered": 0.0, "percent_covered_display": "0", "missing_lines": 851, "excluded_lines": 0},